交通位置,参考价格,建成时间,建筑风格,所在小区,所属区县,网址
"
近地铁9号线商城路站
",91058元/m2,,/ 2002年建成,陆家嘴,浦东,https://sh.lianjia.com/xiaoqu/5011000017872/
"
近地铁6号线临沂新村站
",70426元/m2,,/ 2005年建成,南码头,浦东,https://sh.lianjia.com/xiaoqu/5011000017671/
"
近地铁11号线(嘉定北-迪士尼)浦三路站
",62026元/m2,,/ 2006年建成,三林,浦东,https://sh.lianjia.com/xiaoqu/5011000015945/
"
近地铁11号线(嘉定北-迪士尼)御桥站
",51982元/m2,,/ 2010年建成,御桥,浦东,https://sh.lianjia.com/xiaoqu/5011000014035/
"
近地铁13号线陈春路站
",47026元/m2,,/ 1991年建成,北蔡,浦东,https://sh.lianjia.com/xiaoqu/5011000014388/
"
近地铁2号线世纪大道站
",98386元/m2,,/ 1982年建成,潍坊,浦东,https://sh.lianjia.com/xiaoqu/5011000015069/
"
",40013元/m2,,/ 2005年建成,康桥,浦东,https://sh.lianjia.com/xiaoqu/5011000012222/
"
近地铁2号线世纪大道站
",97483元/m2,,/ 1983年建成,潍坊,浦东,https://sh.lianjia.com/xiaoqu/5011000013930/
"
近地铁2号线世纪大道站
",78615元/m2,,/ 1987年建成,源深,浦东,https://sh.lianjia.com/xiaoqu/5011000015678/
"
近地铁16号线罗山路站
",50712元/m2,,/ 2007年建成,御桥,浦东,https://sh.lianjia.com/xiaoqu/5011000013546/
"
近地铁6号线源深体育中心站
",63100元/m2,,/ 1989年建成,源深,浦东,https://sh.lianjia.com/xiaoqu/5011000012986/
"
近地铁2号线世纪公园站
",43294元/m2,,/ 2002年建成,花木,浦东,https://sh.lianjia.com/xiaoqu/5011000017281/
"
",50919元/m2,,/ 2011年建成,三林,浦东,https://sh.lianjia.com/xiaoqu/5011000008858/
"
近地铁2号线龙阳路站
",73632元/m2,,/ 2000年建成,北蔡,浦东,https://sh.lianjia.com/xiaoqu/5011000018309/
"
近地铁2号线广兰路站
",59442元/m2,,/ 2000年建成,张江,浦东,https://sh.lianjia.com/xiaoqu/5011000016407/
"
",44917元/m2,,/ 2004年建成,康桥,浦东,https://sh.lianjia.com/xiaoqu/5011000017528/
"
近地铁7号线杨高南路站
",81350元/m2,,/ 2012年建成,世博,浦东,https://sh.lianjia.com/xiaoqu/5011000009845/
"
近地铁6号线巨峰路站
",60208元/m2,,/ 2005年建成,金桥,浦东,https://sh.lianjia.com/xiaoqu/5011000012310/
"
近地铁9号线蓝天路站
",80464元/m2,,/ 2003年建成,碧云,浦东,https://sh.lianjia.com/xiaoqu/5011000015037/
"
近地铁6号线云山路站
",49402元/m2,,/ 1995年建成,金杨,浦东,https://sh.lianjia.com/xiaoqu/5011000014777/
"
",36794元/m2,,/ 2009年建成,康桥,浦东,https://sh.lianjia.com/xiaoqu/5011000009038/
"
近地铁6号线博兴路站
",57227元/m2,,/ 1998年建成,金桥,浦东,https://sh.lianjia.com/xiaoqu/5011000013188/
"
近地铁6号线云山路站
",52502元/m2,,/ 1995年建成,金杨,浦东,https://sh.lianjia.com/xiaoqu/5011000013466/
"
近地铁6号线东方体育中心站
",63197元/m2,,/ 2001年建成,杨思前滩,浦东,https://sh.lianjia.com/xiaoqu/5011000013644/
"
近地铁11号线(嘉定北-迪士尼)浦三路站
",59005元/m2,,/ 2006年建成,三林,浦东,https://sh.lianjia.com/xiaoqu/5011000012368/
"
近地铁2号线东昌路站
",103934元/m2,,/ 1998年建成,陆家嘴,浦东,https://sh.lianjia.com/xiaoqu/5011000017860/
"
近地铁9号线商城路站
",87754元/m2,,/ 2002年建成,陆家嘴,浦东,https://sh.lianjia.com/xiaoqu/5011000018114/
"
近地铁2号线广兰路站
",64416元/m2,,/ 2007年建成,张江,浦东,https://sh.lianjia.com/xiaoqu/5011000013723/
"
近地铁8号线杨思站
",65777元/m2,,/ 2007年建成,杨思前滩,浦东,https://sh.lianjia.com/xiaoqu/5011000013248/
"
近地铁6号线东明路站
",53944元/m2,,/ 1994年建成,世博,浦东,https://sh.lianjia.com/xiaoqu/5011000004155/
"
",35318元/m2,,/ 2001年建成,莘庄,闵行,https://sh.lianjia.com/xiaoqu/5011102207057/
"
",63526元/m2,,/ 2002年建成,莘庄,闵行,https://sh.lianjia.com/xiaoqu/5011000017605/
"
近地铁9号线七宝站
",50130元/m2,,/ 1994年建成,七宝,闵行,https://sh.lianjia.com/xiaoqu/5011000018313/
"
",45357元/m2,,/ 2006年建成,春申,闵行,https://sh.lianjia.com/xiaoqu/5011000014004/
"
",38970元/m2,,/ 1994年建成,春申,闵行,https://sh.lianjia.com/xiaoqu/5011000011738/
"
近地铁9号线七宝站
",暂无,,/ 1994年建成,七宝,闵行,https://sh.lianjia.com/xiaoqu/509821540319368/
"
",28842元/m2,,/ 2013年建成,浦江,闵行,https://sh.lianjia.com/xiaoqu/5011000001388/
"
",57233元/m2,,/ 2000年建成,春申,闵行,https://sh.lianjia.com/xiaoqu/5011000015954/
"
近地铁10号线(新江湾城-虹桥火车站)宋园路站
",55893元/m2,,/ 1995年建成,金虹桥,闵行,https://sh.lianjia.com/xiaoqu/5011000016237/
"
近地铁浦江线浦航路站
",33328元/m2,,/ 2010年建成,浦江,闵行,https://sh.lianjia.com/xiaoqu/5011000010872/
"
近地铁浦江线三鲁公路站
",30298元/m2,,/ 2010年建成,浦江,闵行,https://sh.lianjia.com/xiaoqu/5020026850247553/
"
",29721元/m2,,/ 2014年建成,浦江,闵行,https://sh.lianjia.com/xiaoqu/5011000009006/
"
",32342元/m2,,/ 2006年建成,老闵行,闵行,https://sh.lianjia.com/xiaoqu/5011000017935/
"
近地铁5号线春申路站
",49040元/m2,,/ 2007年建成,莘庄,闵行,https://sh.lianjia.com/xiaoqu/5011000012320/
"
近地铁浦江线浦航路站
",34398元/m2,,/ 2013年建成,浦江,闵行,https://sh.lianjia.com/xiaoqu/5011000003476/
"
近地铁9号线合川路站
",74868元/m2,,/ 2006年建成,静安新城,闵行,https://sh.lianjia.com/xiaoqu/5011000012246/
"
",50360元/m2,,/ 1996年建成,春申,闵行,https://sh.lianjia.com/xiaoqu/5011000014981/
"
近地铁9号线合川路站
",68064元/m2,,/ 2001年建成,静安新城,闵行,https://sh.lianjia.com/xiaoqu/5011000003672/
"
近地铁10号线(新江湾城-虹桥火车站)水城路站
",63285元/m2,,/ 1997年建成,金虹桥,闵行,https://sh.lianjia.com/xiaoqu/5011000018067/
"
近地铁9号线七宝站
",54398元/m2,,/ 2005年建成,七宝,闵行,https://sh.lianjia.com/xiaoqu/5011000012925/
"
近地铁浦江线闵瑞路站
",32205元/m2,,/ 2008年建成,浦江,闵行,https://sh.lianjia.com/xiaoqu/5011000005028/
"
近地铁12号线虹梅路站
",71759元/m2,,/ 2005年建成,古美,闵行,https://sh.lianjia.com/xiaoqu/5011000013178/
"
近地铁浦江线浦航路站
",31838元/m2,,/ 2011年建成,浦江,闵行,https://sh.lianjia.com/xiaoqu/5011000009873/
"
近地铁9号线七宝站
",58969元/m2,,/ 2010年建成,七宝,闵行,https://sh.lianjia.com/xiaoqu/5011000005191/
"
近地铁12号线顾戴路站
",65010元/m2,,/ 2004年建成,古美,闵行,https://sh.lianjia.com/xiaoqu/5011000012423/
"
近地铁1号线锦江乐园站
",44242元/m2,,/ 1980年建成,梅陇,闵行,https://sh.lianjia.com/xiaoqu/5011000015394/
"
",43872元/m2,,/ 2014年建成,老闵行,闵行,https://sh.lianjia.com/xiaoqu/5011000001987/
"
近地铁1号线莲花路站
",51398元/m2,,/ 1993年建成,古美,闵行,https://sh.lianjia.com/xiaoqu/5011000014585/
"
近地铁浦江线浦航路站
",32873元/m2,,/ 2012年建成,浦江,闵行,https://sh.lianjia.com/xiaoqu/5011000005456/
"
近地铁浦江线闵瑞路站
",33357元/m2,,/ 2009年建成,浦江,闵行,https://sh.lianjia.com/xiaoqu/5020026842907284/
"
近地铁7号线行知路站
",49758元/m2,,/ 1997年建成,大华,宝山,https://sh.lianjia.com/xiaoqu/5011000015365/
"
近地铁7号线罗南新村站
",39638元/m2,,/ 2010年建成,罗店,宝山,https://sh.lianjia.com/xiaoqu/5011000014874/
"
近地铁3号线长江南路站
",53797元/m2,,/ 2005年建成,高境,宝山,https://sh.lianjia.com/xiaoqu/5011000012603/
"
",43093元/m2,,/ 2008年建成,上大,宝山,https://sh.lianjia.com/xiaoqu/5011000015995/
"
近地铁1号线共富新村站
",37306元/m2,,/ 1995年建成,共富,宝山,https://sh.lianjia.com/xiaoqu/5011000013618/
"
",46164元/m2,,/ 2014年建成,大华,宝山,https://sh.lianjia.com/xiaoqu/5011000001175/
"
",49326元/m2,,/ 2010年建成,顾村,宝山,https://sh.lianjia.com/xiaoqu/5017954034452644/
"
",37966元/m2,,/ 2008年建成,上大,宝山,https://sh.lianjia.com/xiaoqu/5011000008186/
"
近地铁1号线宝安公路站
",36632元/m2,,/ 1998年建成,杨行,宝山,https://sh.lianjia.com/xiaoqu/5011000012404/
"
",35825元/m2,,/ 2014年建成,顾村,宝山,https://sh.lianjia.com/xiaoqu/5011000000814/
"
近地铁7号线顾村公园站
",53020元/m2,,/ 2012年建成,顾村,宝山,https://sh.lianjia.com/xiaoqu/5011000000130/
"
近地铁1号线宝安公路站
",39566元/m2,,/ 2011年建成,杨行,宝山,https://sh.lianjia.com/xiaoqu/5011000009842/
"
",41421元/m2,,/ 1994年建成,淞南,宝山,https://sh.lianjia.com/xiaoqu/5011000011142/
"
近地铁3号线殷高西路站
",42448元/m2,,/ 1992年建成,高境,宝山,https://sh.lianjia.com/xiaoqu/5011000007031/
"
",52969元/m2,,/ 2008年建成,大华,宝山,https://sh.lianjia.com/xiaoqu/5011000012041/
"
近地铁7号线上海大学站
",46419元/m2,,/ 1998年建成,上大,宝山,https://sh.lianjia.com/xiaoqu/5011000015496/
"
",35521元/m2,,/ 2008年建成,杨行,宝山,https://sh.lianjia.com/xiaoqu/5011000012034/
"
",38919元/m2,,/ 2004年建成,杨行,宝山,https://sh.lianjia.com/xiaoqu/5011000017696/
"
近地铁7号线刘行站
",39426元/m2,,/ 2011年建成,顾村,宝山,https://sh.lianjia.com/xiaoqu/5011102210316/
"
",38381元/m2,,/ 2011年建成,罗店,宝山,https://sh.lianjia.com/xiaoqu/5011000010988/
"
近地铁7号线罗南新村站
",37493元/m2,,/ 2009年建成,罗店,宝山,https://sh.lianjia.com/xiaoqu/5011000011023/
"
",41359元/m2,,/ 2009年建成,杨行,宝山,https://sh.lianjia.com/xiaoqu/5011000014758/
"
近地铁7号线上海大学站
",39893元/m2,,/ 1994年建成,上大,宝山,https://sh.lianjia.com/xiaoqu/5011000014451/
"
近地铁3号线殷高西路站
",41798元/m2,,/ 1994年建成,高境,宝山,https://sh.lianjia.com/xiaoqu/5011000014067/
"
近地铁7号线南陈路站
",50683元/m2,,/ 2009年建成,上大,宝山,https://sh.lianjia.com/xiaoqu/5020022085507610/
"
",46367元/m2,,/ 2010年建成,顾村,宝山,https://sh.lianjia.com/xiaoqu/5017953113780379/
"
",28907元/m2,,/ 1980年建成,月浦,宝山,https://sh.lianjia.com/xiaoqu/5011000000048/
"
",56528元/m2,,/ 2011年建成,大华,宝山,https://sh.lianjia.com/xiaoqu/5011102209227/
"
",50898元/m2,,/ 2005年建成,高境,宝山,https://sh.lianjia.com/xiaoqu/5011000015462/
"
",29894元/m2,,/ 1993年建成,月浦,宝山,https://sh.lianjia.com/xiaoqu/5011000009419/
"
近地铁7号线龙华中路站
",116195元/m2,,/ 2008年建成,徐汇滨江,徐汇,https://sh.lianjia.com/xiaoqu/5011063203505/
"
近地铁11号线(花桥-三林)龙耀路站
",51422元/m2,,/ 1993年建成,龙华,徐汇,https://sh.lianjia.com/xiaoqu/5011000017590/
"
近地铁12号线虹漕路站
",76121元/m2,,/ 2014年建成,漕河泾,徐汇,https://sh.lianjia.com/xiaoqu/5011000002238/
"
",57037元/m2,,/ 2011年建成,华泾,徐汇,https://sh.lianjia.com/xiaoqu/5011000005330/
"
近地铁1号线上海体育馆站
",68789元/m2,,/ 1994年建成,万体馆,徐汇,https://sh.lianjia.com/xiaoqu/5011000013797/
"
近地铁9号线桂林路站
",71534元/m2,,/ 1987年建成,田林,徐汇,https://sh.lianjia.com/xiaoqu/5011000015474/
"
",60958元/m2,,/ 2011年建成,植物园,徐汇,https://sh.lianjia.com/xiaoqu/5011000011265/
"
近地铁1号线漕宝路站
",73887元/m2,,/ 1990年建成,万体馆,徐汇,https://sh.lianjia.com/xiaoqu/5011000016167/
"
",66555元/m2,,/ 2005年建成,长桥,徐汇,https://sh.lianjia.com/xiaoqu/5011000017722/
"
近地铁9号线桂林路站
",79033元/m2,,/ 1984年建成,田林,徐汇,https://sh.lianjia.com/xiaoqu/5011000014202/
"
",48985元/m2,,/ 1992年建成,华东理工,徐汇,https://sh.lianjia.com/xiaoqu/5011000012794/
"
近地铁10号线(新江湾城-虹桥火车站)宋园路站
",71710元/m2,,/ 1997年建成,田林,徐汇,https://sh.lianjia.com/xiaoqu/5011000015750/
"
近地铁4号线东安路站
",69858元/m2,,/ 1958年建成,徐家汇,徐汇,https://sh.lianjia.com/xiaoqu/5011000014220/
"
近地铁1号线上海体育馆站
",86884元/m2,,/ 2002年建成,田林,徐汇,https://sh.lianjia.com/xiaoqu/5011000018120/
"
近地铁11号线(花桥-三林)云锦路站
",106540元/m2,,/ 2008年建成,徐汇滨江,徐汇,https://sh.lianjia.com/xiaoqu/5011000015961/
"
",81118元/m2,,/ 1977年建成,长桥,徐汇,https://sh.lianjia.com/xiaoqu/5011000017137/
"
近地铁3号线宜山路站
",56378元/m2,,/ 1991年建成,田林,徐汇,https://sh.lianjia.com/xiaoqu/5011000014968/
"
近地铁1号线上海南站站
",84077元/m2,,/ 2001年建成,康健,徐汇,https://sh.lianjia.com/xiaoqu/5011000012515/
"
近地铁1号线上海体育馆站
",68470元/m2,,/ 1958年建成,万体馆,徐汇,https://sh.lianjia.com/xiaoqu/5011000015885/
"
近地铁4号线上海体育场站
",90557元/m2,,/ 2003年建成,徐家汇,徐汇,https://sh.lianjia.com/xiaoqu/5011000015901/
"
近地铁3号线宜山路站
",67553元/m2,,/ 1994年建成,田林,徐汇,https://sh.lianjia.com/xiaoqu/5011000015785/
"
",76588元/m2,,/ 1987年建成,植物园,徐汇,https://sh.lianjia.com/xiaoqu/5011000013697/
"
近地铁1号线徐家汇站
",88169元/m2,,/ 1999年建成,徐家汇,徐汇,https://sh.lianjia.com/xiaoqu/5011000017122/
"
近地铁1号线徐家汇站
",80204元/m2,,/ 1999年建成,徐家汇,徐汇,https://sh.lianjia.com/xiaoqu/5011000016049/
"
近地铁1号线上海体育馆站
",70514元/m2,,/ 1994年建成,万体馆,徐汇,https://sh.lianjia.com/xiaoqu/5011000015561/
"
近地铁1号线上海南站站
",67841元/m2,,/ 1992年建成,康健,徐汇,https://sh.lianjia.com/xiaoqu/5011000013095/
"
近地铁3号线漕溪路站
",115207元/m2,,/ 2017年建成,田林,徐汇,https://sh.lianjia.com/xiaoqu/5020030770332377/
"
近地铁1号线锦江乐园站
",57734元/m2,,/ 1991年建成,康健,徐汇,https://sh.lianjia.com/xiaoqu/5011000014243/
"
",47845元/m2,,/ 2013年建成,华泾,徐汇,https://sh.lianjia.com/xiaoqu/5011000002490/
"
近地铁4号线大木桥路站
",65015元/m2,,/ 1956年建成,斜土路,徐汇,https://sh.lianjia.com/xiaoqu/5011000014998/
"
近地铁3号线镇坪路站
",69406元/m2,,/ 2000年建成,中远两湾城,普陀,https://sh.lianjia.com/xiaoqu/5011000014141/
"
",46162元/m2,,/ 2006年建成,真光,普陀,https://sh.lianjia.com/xiaoqu/5011000017107/
"
近地铁11号线(花桥-三林)李子园站
",58248元/m2,,/ 2004年建成,万里,普陀,https://sh.lianjia.com/xiaoqu/5011000010579/
"
近地铁11号线(花桥-三林)桃浦新村站
",36745元/m2,,/ 1995年建成,桃浦,普陀,https://sh.lianjia.com/xiaoqu/5011000017242/
"
近地铁11号线(花桥-三林)上海西站站
",62602元/m2,,/ 2005年建成,真如,普陀,https://sh.lianjia.com/xiaoqu/5011000015992/
"
近地铁11号线(花桥-三林)桃浦新村站
",35964元/m2,,/ 1998年建成,桃浦,普陀,https://sh.lianjia.com/xiaoqu/5011000015507/
"
近地铁13号线真北路站
",53402元/m2,,/ 1997年建成,长征,普陀,https://sh.lianjia.com/xiaoqu/5011000015216/
"
",47617元/m2,,/ 1956年建成,甘泉宜川,普陀,https://sh.lianjia.com/xiaoqu/5011000016233/
"
近地铁3号线中潭路站
",54109元/m2,,/ 1996年建成,甘泉宜川,普陀,https://sh.lianjia.com/xiaoqu/5011000017965/
"
近地铁7号线新村路站
",47699元/m2,,/ 1986年建成,甘泉宜川,普陀,https://sh.lianjia.com/xiaoqu/5011000015228/
"
近地铁3号线镇坪路站
",80573元/m2,,/ 1996年建成,武宁,普陀,https://sh.lianjia.com/xiaoqu/5011000012591/
"
近地铁11号线(花桥-三林)桃浦新村站
",41794元/m2,,/ 2001年建成,桃浦,普陀,https://sh.lianjia.com/xiaoqu/5011000016346/
"
近地铁7号线大华三路站
",52251元/m2,,/ 1986年建成,甘泉宜川,普陀,https://sh.lianjia.com/xiaoqu/5011000018054/
"
近地铁7号线岚皋路站
",88188元/m2,,/ 2009年建成,真如,普陀,https://sh.lianjia.com/xiaoqu/5011000013912/
"
",48698元/m2,,/ 2008年建成,真光,普陀,https://sh.lianjia.com/xiaoqu/5011000017106/
"
",44709元/m2,,/ 1994年建成,真光,普陀,https://sh.lianjia.com/xiaoqu/5011000014039/
"
近地铁7号线新村路站
",52052元/m2,,/ 1975年建成,甘泉宜川,普陀,https://sh.lianjia.com/xiaoqu/5011000012506/
"
",49300元/m2,,/ 1984年建成,甘泉宜川,普陀,https://sh.lianjia.com/xiaoqu/5011000008452/
"
近地铁3号线金沙江路站
",78661元/m2,,/ 2003年建成,武宁,普陀,https://sh.lianjia.com/xiaoqu/5011000017184/
"
",46510元/m2,,/ 2006年建成,桃浦,普陀,https://sh.lianjia.com/xiaoqu/5011000004195/
"
近地铁11号线(花桥-三林)桃浦新村站
",36983元/m2,,/ 1993年建成,桃浦,普陀,https://sh.lianjia.com/xiaoqu/5011000013469/
"
",46794元/m2,,/ 1995年建成,真光,普陀,https://sh.lianjia.com/xiaoqu/5011000011380/
"
",44796元/m2,,/ 1994年建成,桃浦,普陀,https://sh.lianjia.com/xiaoqu/5011000013116/
"
近地铁7号线新村路站
",46600元/m2,,/ 1982年建成,甘泉宜川,普陀,https://sh.lianjia.com/xiaoqu/5011000017044/
"
近地铁7号线新村路站
",69273元/m2,,/ 2008年建成,万里,普陀,https://sh.lianjia.com/xiaoqu/5011000012050/
"
近地铁3号线金沙江路站
",65980元/m2,,/ 1998年建成,武宁,普陀,https://sh.lianjia.com/xiaoqu/5011000018259/
"
近地铁3号线中潭路站
",49947元/m2,,/ 1973年建成,甘泉宜川,普陀,https://sh.lianjia.com/xiaoqu/5011000017236/
"
",50421元/m2,,/ 1983年建成,甘泉宜川,普陀,https://sh.lianjia.com/xiaoqu/5011000017811/
"
近地铁3号线中潭路站
",50525元/m2,,/ 1986年建成,光新,普陀,https://sh.lianjia.com/xiaoqu/5011000015186/
"
",47090元/m2,,/ 1995年建成,真光,普陀,https://sh.lianjia.com/xiaoqu/5011000012611/
"
近地铁8号线鞍山新村站
",63003元/m2,,/ 1953年建成,鞍山,杨浦,https://sh.lianjia.com/xiaoqu/5011000013450/
"
近地铁8号线江浦路站
",67831元/m2,,/ 1953年建成,鞍山,杨浦,https://sh.lianjia.com/xiaoqu/5011000013940/
"
近地铁8号线市光路站
",52873元/m2,,/ 1988年建成,中原,杨浦,https://sh.lianjia.com/xiaoqu/5011000013330/
"
近地铁8号线翔殷路站
",67909元/m2,,/ 2000年建成,黄兴公园,杨浦,https://sh.lianjia.com/xiaoqu/5011000013012/
"
近地铁8号线黄兴路站
",56609元/m2,,/ 1956年建成,控江路,杨浦,https://sh.lianjia.com/xiaoqu/5011000014991/
"
近地铁8号线江浦路站
",61880元/m2,,/ 1977年建成,鞍山,杨浦,https://sh.lianjia.com/xiaoqu/5011000003210/
"
近地铁8号线延吉中路站
",53499元/m2,,/ 1958年建成,黄兴公园,杨浦,https://sh.lianjia.com/xiaoqu/5011000013459/
"
近地铁8号线江浦路站
",65516元/m2,,/ 1953年建成,鞍山,杨浦,https://sh.lianjia.com/xiaoqu/5011000011135/
"
近地铁8号线黄兴路站
",54784元/m2,,/ 1956年建成,控江路,杨浦,https://sh.lianjia.com/xiaoqu/5011000012578/
"
近地铁8号线鞍山新村站
",72303元/m2,,/ 1982年建成,鞍山,杨浦,https://sh.lianjia.com/xiaoqu/5011000005503/
"
近地铁8号线嫩江路站
",49920元/m2,,/ 1989年建成,中原,杨浦,https://sh.lianjia.com/xiaoqu/5011000012859/
"
近地铁8号线市光路站
",49374元/m2,,/ 1993年建成,中原,杨浦,https://sh.lianjia.com/xiaoqu/5011000013596/
"
近地铁8号线延吉中路站
",54990元/m2,,/ 1957年建成,黄兴公园,杨浦,https://sh.lianjia.com/xiaoqu/5011000013120/
"
近地铁8号线延吉中路站
",81043元/m2,,/ 2002年建成,黄兴公园,杨浦,https://sh.lianjia.com/xiaoqu/5011000016934/
"
近地铁8号线市光路站
",52185元/m2,,/ 1990年建成,中原,杨浦,https://sh.lianjia.com/xiaoqu/5011000014718/
"
近地铁8号线市光路站
",51187元/m2,,/ 1990年建成,中原,杨浦,https://sh.lianjia.com/xiaoqu/5011000012337/
"
",75438元/m2,,/ 2007年建成,新江湾城,杨浦,https://sh.lianjia.com/xiaoqu/5011000014775/
"
近地铁10号线(新江湾城-虹桥火车站)新江湾城站
",87855元/m2,,/ 2010年建成,新江湾城,杨浦,https://sh.lianjia.com/xiaoqu/5011000013592/
"
近地铁12号线江浦公园站
",66445元/m2,,/ 1997年建成,周家嘴路,杨浦,https://sh.lianjia.com/xiaoqu/5011000016890/
"
近地铁12号线江浦公园站
",62211元/m2,,/ 1998年建成,周家嘴路,杨浦,https://sh.lianjia.com/xiaoqu/5011000017003/
"
近地铁8号线黄兴路站
",61700元/m2,,/ 2001年建成,周家嘴路,杨浦,https://sh.lianjia.com/xiaoqu/5011000016855/
"
近地铁8号线延吉中路站
",53648元/m2,,/ 1954年建成,黄兴公园,杨浦,https://sh.lianjia.com/xiaoqu/5011000016385/
"
近地铁8号线嫩江路站
",49965元/m2,,/ 1990年建成,中原,杨浦,https://sh.lianjia.com/xiaoqu/5011000012587/
"
近地铁8号线四平路站
",90592元/m2,,/ 1980年建成,鞍山,杨浦,https://sh.lianjia.com/xiaoqu/5011000015822/
"
近地铁8号线鞍山新村站
",64472元/m2,,/ 1953年建成,鞍山,杨浦,https://sh.lianjia.com/xiaoqu/5012200974233196/
"
近地铁12号线江浦公园站
",82406元/m2,,/ 2009年建成,东外滩,杨浦,https://sh.lianjia.com/xiaoqu/5011000013734/
"
近地铁12号线爱国路站
",67080元/m2,,/ 2013年建成,周家嘴路,杨浦,https://sh.lianjia.com/xiaoqu/5011000003042/
"
近地铁4号线大连路站
",86529元/m2,,/ 2006年建成,周家嘴路,杨浦,https://sh.lianjia.com/xiaoqu/5011000015846/
"
近地铁8号线四平路站
",82490元/m2,,/ 1988年建成,鞍山,杨浦,https://sh.lianjia.com/xiaoqu/5011000000534/
"
近地铁8号线黄兴公园站
",81612元/m2,,/ 2004年建成,黄兴公园,杨浦,https://sh.lianjia.com/xiaoqu/5011000017412/
"
近地铁2号线中山公园站
",98282元/m2,,/ 2005年建成,中山公园,长宁,https://sh.lianjia.com/xiaoqu/5011000018329/
"
近地铁2号线中山公园站
",88000元/m2,,/ 2003年建成,中山公园,长宁,https://sh.lianjia.com/xiaoqu/5011000018001/
"
近地铁2号线威宁路站
",83453元/m2,,/ 2009年建成,天山,长宁,https://sh.lianjia.com/xiaoqu/5011000013746/
"
近地铁3号线虹桥路站
",64109元/m2,,/ 1980年建成,新华路,长宁,https://sh.lianjia.com/xiaoqu/5011000017239/
"
近地铁2号线娄山关路站
",90155元/m2,,/ 2011年建成,天山,长宁,https://sh.lianjia.com/xiaoqu/5011000014412/
"
近地铁2号线中山公园站
",42585元/m2,,/ 2005年建成,中山公园,长宁,https://sh.lianjia.com/xiaoqu/5011000017585/
"
近地铁2号线娄山关路站
",84515元/m2,,/ 2003年建成,中山公园,长宁,https://sh.lianjia.com/xiaoqu/5011000017999/
"
近地铁2号线娄山关路站
",85881元/m2,,/ 2004年建成,中山公园,长宁,https://sh.lianjia.com/xiaoqu/5011000016889/
"
近地铁2号线威宁路站
",88095元/m2,,/ 2009年建成,天山,长宁,https://sh.lianjia.com/xiaoqu/5011000012237/
"
近地铁2号线江苏路站
",69720元/m2,,/ 1984年建成,中山公园,长宁,https://sh.lianjia.com/xiaoqu/5011000015950/
"
近地铁10号线(新江湾城-虹桥火车站)交通大学站
",65516元/m2,,/ 1998年建成,新华路,长宁,https://sh.lianjia.com/xiaoqu/5011000016644/
"
近地铁2号线威宁路站
",93671元/m2,,/ 2004年建成,天山,长宁,https://sh.lianjia.com/xiaoqu/5011000015555/
"
近地铁2号线威宁路站
",82005元/m2,,/ 2004年建成,天山,长宁,https://sh.lianjia.com/xiaoqu/5011000016893/
"
近地铁2号线北新泾站
",57847元/m2,,/ 1994年建成,北新泾,长宁,https://sh.lianjia.com/xiaoqu/5011000017886/
"
近地铁2号线中山公园站
",69495元/m2,,/ 1990年建成,中山公园,长宁,https://sh.lianjia.com/xiaoqu/5011000016606/
"
近地铁10号线(新江湾城-虹桥火车站)伊犁路站
",110047元/m2,,/ 2005年建成,古北,长宁,https://sh.lianjia.com/xiaoqu/5011000017475/
"
近地铁2号线淞虹路站
",52443元/m2,,/ 1994年建成,北新泾,长宁,https://sh.lianjia.com/xiaoqu/5011000014766/
"
近地铁3号线虹桥路站
",82284元/m2,,/ 2010年建成,新华路,长宁,https://sh.lianjia.com/xiaoqu/5011000012018/
"
",53230元/m2,,/ 1994年建成,西郊,长宁,https://sh.lianjia.com/xiaoqu/5011000008875/
"
近地铁2号线中山公园站
",72109元/m2,,/ 1995年建成,中山公园,长宁,https://sh.lianjia.com/xiaoqu/5011000017681/
"
近地铁2号线娄山关路站
",61607元/m2,,/ 1991年建成,中山公园,长宁,https://sh.lianjia.com/xiaoqu/5011000006608/
"
近地铁3号线延安西路站
",78010元/m2,,/ 2000年建成,新华路,长宁,https://sh.lianjia.com/xiaoqu/5011000017558/
"
近地铁10号线(新江湾城-虹桥火车站)交通大学站
",59734元/m2,,/ 1999年建成,新华路,长宁,https://sh.lianjia.com/xiaoqu/5011000017244/
"
近地铁2号线娄山关路站
",62924元/m2,,/ 1991年建成,中山公园,长宁,https://sh.lianjia.com/xiaoqu/5011000007443/
"
近地铁2号线娄山关路站
",59356元/m2,,/ 1996年建成,虹桥,长宁,https://sh.lianjia.com/xiaoqu/5011000015385/
"
近地铁2号线淞虹路站
",56177元/m2,,/ 1994年建成,北新泾,长宁,https://sh.lianjia.com/xiaoqu/5011000005325/
"
近地铁2号线中山公园站
",69732元/m2,,/ 1987年建成,中山公园,长宁,https://sh.lianjia.com/xiaoqu/5011000017095/
"
近地铁11号线(花桥-三林)隆德路站
",65382元/m2,,/ 1995年建成,中山公园,长宁,https://sh.lianjia.com/xiaoqu/5011000017969/
"
近地铁10号线(新江湾城-虹桥火车站)交通大学站
",89879元/m2,,/ 2003年建成,新华路,长宁,https://sh.lianjia.com/xiaoqu/5011000018108/
"
近地铁2号线娄山关路站
",66528元/m2,,/ 1990年建成,仙霞,长宁,https://sh.lianjia.com/xiaoqu/5011000012601/
"
近地铁9号线中春路站
",40278元/m2,,/ 1999年建成,九亭,松江,https://sh.lianjia.com/xiaoqu/5011000015174/
"
",46243元/m2,,/ 2007年建成,九亭,松江,https://sh.lianjia.com/xiaoqu/5011000014093/
"
近地铁9号线佘山站
",33702元/m2,,/ 2009年建成,泗泾,松江,https://sh.lianjia.com/xiaoqu/5011102207146/
"
近地铁9号线佘山站
",33289元/m2,,/ 2006年建成,泗泾,松江,https://sh.lianjia.com/xiaoqu/5020029861847740/
"
",35520元/m2,,/ 2006年建成,九亭,松江,https://sh.lianjia.com/xiaoqu/5011000004375/
"
",30774元/m2,,/ 2012年建成,泗泾,松江,https://sh.lianjia.com/xiaoqu/5011000020078/
"
近地铁9号线松江大学城站
",41698元/m2,,/ 2008年建成,松江大学城,松江,https://sh.lianjia.com/xiaoqu/5011000012581/
"
近地铁9号线泗泾站
",42773元/m2,,/ 2016年建成,泗泾,松江,https://sh.lianjia.com/xiaoqu/5020038950910368/
"
近地铁9号线松江大学城站
",44265元/m2,,/ 2006年建成,松江大学城,松江,https://sh.lianjia.com/xiaoqu/5011000012033/
"
",38152元/m2,,/ 2007年建成,九亭,松江,https://sh.lianjia.com/xiaoqu/5011000013532/
"
近地铁9号线泗泾站
",26687元/m2,,/ 2014年建成,泗泾,松江,https://sh.lianjia.com/xiaoqu/5011000019930/
"
近地铁9号线九亭站
",39192元/m2,,/ 2004年建成,九亭,松江,https://sh.lianjia.com/xiaoqu/5011000017413/
"
近地铁9号线泗泾站
",32061元/m2,,/ 2005年建成,泗泾,松江,https://sh.lianjia.com/xiaoqu/5011000014037/
"
近地铁9号线九亭站
",52023元/m2,,/ 2008年建成,九亭,松江,https://sh.lianjia.com/xiaoqu/5011000012017/
"
",29381元/m2,,/ 2012年建成,泗泾,松江,https://sh.lianjia.com/xiaoqu/5011000001067/
"
近地铁9号线泗泾站
",26916元/m2,,/ 2014年建成,泗泾,松江,https://sh.lianjia.com/xiaoqu/5011000000965/
"
",27842元/m2,,/ 2014年建成,泗泾,松江,https://sh.lianjia.com/xiaoqu/5011000000510/
"
",38211元/m2,,/ 2003年建成,莘闵别墅,松江,https://sh.lianjia.com/xiaoqu/5011000004510/
"
",28512元/m2,,/ 2013年建成,泗泾,松江,https://sh.lianjia.com/xiaoqu/5011102207063/
"
",29493元/m2,,/ 2013年建成,泗泾,松江,https://sh.lianjia.com/xiaoqu/5011000001221/
"
",40713元/m2,,/ 2008年建成,九亭,松江,https://sh.lianjia.com/xiaoqu/5011000014071/
"
",34891元/m2,,/ 2014年建成,泗泾,松江,https://sh.lianjia.com/xiaoqu/5011102207024/
"
",31584元/m2,,/ 2010年建成,泗泾,松江,https://sh.lianjia.com/xiaoqu/5011000014575/
"
",53883元/m2,,/ 2009年建成,莘闵别墅,松江,https://sh.lianjia.com/xiaoqu/5011000004936/
"
近地铁9号线佘山站
",31622元/m2,,/ 2014年建成,泗泾,松江,https://sh.lianjia.com/xiaoqu/5011000000811/
"
",32622元/m2,,/ 2006年建成,松江大学城,松江,https://sh.lianjia.com/xiaoqu/5011000014745/
"
",26179元/m2,,/ 2014年建成,泗泾,松江,https://sh.lianjia.com/xiaoqu/5011000000660/
"
",43040元/m2,,/ 2011年建成,九亭,松江,https://sh.lianjia.com/xiaoqu/5011000014628/
"
近地铁9号线松江大学城站
",40376元/m2,,/ 2004年建成,松江大学城,松江,https://sh.lianjia.com/xiaoqu/5011000013309/
"
",31405元/m2,,/ 2012年建成,泗泾,松江,https://sh.lianjia.com/xiaoqu/5011000001386/
"
近地铁11号线(嘉定北-迪士尼)白银路站
",27593元/m2,,/ 2010年建成,嘉定新城,嘉定,https://sh.lianjia.com/xiaoqu/5011000009660/
"
近地铁13号线金运路站
",43892元/m2,,/ 2005年建成,江桥,嘉定,https://sh.lianjia.com/xiaoqu/5011000009869/
"
近地铁11号线(花桥-三林)嘉定新城站
",39116元/m2,,/ 2011年建成,嘉定新城,嘉定,https://sh.lianjia.com/xiaoqu/5011000009663/
"
近地铁13号线金运路站
",41189元/m2,,/ 2011年建成,江桥,嘉定,https://sh.lianjia.com/xiaoqu/5011102208191/
"
近地铁11号线(嘉定北-迪士尼)嘉定北站
",33745元/m2,,/ 2012年建成,菊园新区,嘉定,https://sh.lianjia.com/xiaoqu/5011000001232/
"
近地铁13号线金运路站
",40724元/m2,,/ 2005年建成,江桥,嘉定,https://sh.lianjia.com/xiaoqu/5011000013628/
"
近地铁13号线金运路站
",41017元/m2,,/ 2008年建成,江桥,嘉定,https://sh.lianjia.com/xiaoqu/5011000012632/
"
近地铁11号线(嘉定北-迪士尼)嘉定北站
",34474元/m2,,/ 2012年建成,菊园新区,嘉定,https://sh.lianjia.com/xiaoqu/5011000002786/
"
近地铁13号线丰庄站
",41923元/m2,,/ 1994年建成,丰庄,嘉定,https://sh.lianjia.com/xiaoqu/5011000002149/
"
近地铁13号线丰庄站
",41386元/m2,,/ 1995年建成,丰庄,嘉定,https://sh.lianjia.com/xiaoqu/5011000014713/
"
",35823元/m2,,/ 1993年建成,江桥,嘉定,https://sh.lianjia.com/xiaoqu/5011000018319/
"
近地铁13号线金运路站
",41308元/m2,,/ 2007年建成,江桥,嘉定,https://sh.lianjia.com/xiaoqu/5011000013217/
"
近地铁11号线(花桥-三林)南翔站
",47498元/m2,,/ 2013年建成,南翔,嘉定,https://sh.lianjia.com/xiaoqu/5011000001988/
"
近地铁11号线(嘉定北-迪士尼)白银路站
",36994元/m2,,/ 2010年建成,嘉定新城,嘉定,https://sh.lianjia.com/xiaoqu/5011000014300/
"
近地铁11号线(嘉定北-迪士尼)白银路站
",27551元/m2,,/ 2013年建成,嘉定新城,嘉定,https://sh.lianjia.com/xiaoqu/5011000010263/
"
",41468元/m2,,/ 2009年建成,江桥,嘉定,https://sh.lianjia.com/xiaoqu/5011000013444/
"
",44796元/m2,,/ 2014年建成,江桥,嘉定,https://sh.lianjia.com/xiaoqu/5011000000652/
"
近地铁11号线(嘉定北-迪士尼)嘉定西站
",33514元/m2,,/ 2011年建成,菊园新区,嘉定,https://sh.lianjia.com/xiaoqu/5011000010809/
"
",36323元/m2,,/ 2004年建成,江桥,嘉定,https://sh.lianjia.com/xiaoqu/5011000013874/
"
",29280元/m2,,/ 2005年建成,嘉定老城,嘉定,https://sh.lianjia.com/xiaoqu/5011000010669/
"
近地铁13号线金运路站
",50289元/m2,,/ 2010年建成,江桥,嘉定,https://sh.lianjia.com/xiaoqu/5011000011372/
"
近地铁11号线(花桥-三林)嘉定新城站
",37464元/m2,,/ 2011年建成,嘉定新城,嘉定,https://sh.lianjia.com/xiaoqu/5011000011804/
"
近地铁13号线金沙江西路站
",42328元/m2,,/ 2007年建成,江桥,嘉定,https://sh.lianjia.com/xiaoqu/5011000013470/
"
近地铁11号线(花桥-三林)上海汽车城站
",29226元/m2,,/ 2012年建成,安亭,嘉定,https://sh.lianjia.com/xiaoqu/5011000010804/
"
",34001元/m2,,/ 2010年建成,嘉定新城,嘉定,https://sh.lianjia.com/xiaoqu/5011000010990/
"
",39813元/m2,,/ 2008年建成,江桥,嘉定,https://sh.lianjia.com/xiaoqu/5011000003455/
"
近地铁13号线金运路站
",40640元/m2,,/ 2005年建成,江桥,嘉定,https://sh.lianjia.com/xiaoqu/5011000013981/
"
",38268元/m2,,/ 2012年建成,江桥,嘉定,https://sh.lianjia.com/xiaoqu/5011000000586/
"
近地铁13号线金运路站
",47086元/m2,,/ 2008年建成,江桥,嘉定,https://sh.lianjia.com/xiaoqu/5011000016546/
"
近地铁11号线(花桥-三林)马陆站
",34975元/m2,,/ 2013年建成,嘉定新城,嘉定,https://sh.lianjia.com/xiaoqu/5011102209936/
"
近地铁4号线西藏南路站
",115427元/m2,,/ 2002年建成,世博滨江,黄浦,https://sh.lianjia.com/xiaoqu/5011000018025/
"
近地铁9号线马当路站
",109074元/m2,,/ 2002年建成,新天地,黄浦,https://sh.lianjia.com/xiaoqu/5011000016667/
"
近地铁4号线西藏南路站
",95708元/m2,,/ 2007年建成,蓬莱公园,黄浦,https://sh.lianjia.com/xiaoqu/5011000016510/
"
近地铁4号线西藏南路站
",75695元/m2,,/ 1973年建成,蓬莱公园,黄浦,https://sh.lianjia.com/xiaoqu/5011000008385/
"
近地铁8号线陆家浜路站
",86527元/m2,,/ 2000年建成,董家渡,黄浦,https://sh.lianjia.com/xiaoqu/5011000016976/
"
近地铁4号线南浦大桥站
",91538元/m2,,/ 2003年建成,蓬莱公园,黄浦,https://sh.lianjia.com/xiaoqu/5011000018124/
"
近地铁13号线世博会博物馆站
",114749元/m2,,/ 2001年建成,世博滨江,黄浦,https://sh.lianjia.com/xiaoqu/5011000014618/
"
近地铁9号线马当路站
",118714元/m2,,/ 2001年建成,新天地,黄浦,https://sh.lianjia.com/xiaoqu/5011000017903/
"
近地铁9号线马当路站
",99557元/m2,,/ 2002年建成,五里桥,黄浦,https://sh.lianjia.com/xiaoqu/5011000017603/
"
近地铁4号线鲁班路站
",84438元/m2,,/ 1980年建成,五里桥,黄浦,https://sh.lianjia.com/xiaoqu/5011000015310/
"
近地铁9号线打浦桥站
",80385元/m2,,/ 1999年建成,打浦桥,黄浦,https://sh.lianjia.com/xiaoqu/5011000016734/
"
近地铁8号线老西门站
",92652元/m2,,/ 2005年建成,老西门,黄浦,https://sh.lianjia.com/xiaoqu/5011000017599/
"
近地铁8号线老西门站
",96267元/m2,,/ 2001年建成,豫园,黄浦,https://sh.lianjia.com/xiaoqu/5011000016213/
"
近地铁4号线西藏南路站
",94528元/m2,,/ 1997年建成,世博滨江,黄浦,https://sh.lianjia.com/xiaoqu/5011000015553/
"
近地铁8号线老西门站
",130390元/m2,,/ 2002年建成,新天地,黄浦,https://sh.lianjia.com/xiaoqu/5011000017918/
"
近地铁8号线陆家浜路站
",79407元/m2,,/ 1990年建成,蓬莱公园,黄浦,https://sh.lianjia.com/xiaoqu/5011000016703/
"
近地铁4号线鲁班路站
",83493元/m2,,/ 2000年建成,五里桥,黄浦,https://sh.lianjia.com/xiaoqu/5011000015519/
"
近地铁8号线陆家浜路站
",118489元/m2,,/ 2000年建成,五里桥,黄浦,https://sh.lianjia.com/xiaoqu/5011000017991/
"
近地铁10号线(新江湾城-虹桥火车站)豫园站
",92595元/m2,,/ 1999年建成,豫园,黄浦,https://sh.lianjia.com/xiaoqu/5011000014270/
"
近地铁9号线马当路站
",80090元/m2,,/ 1999年建成,五里桥,黄浦,https://sh.lianjia.com/xiaoqu/5011000016250/
"
近地铁9号线打浦桥站
",93048元/m2,,/ 2003年建成,打浦桥,黄浦,https://sh.lianjia.com/xiaoqu/5011102207753/
"
近地铁9号线小南门站
",94936元/m2,,/ 2000年建成,黄浦滨江,黄浦,https://sh.lianjia.com/xiaoqu/5011000018345/
"
近地铁4号线大木桥路站
",75248元/m2,,/ 1984年建成,世博滨江,黄浦,https://sh.lianjia.com/xiaoqu/5011000011245/
"
近地铁8号线陆家浜路站
",89850元/m2,,/ 2001年建成,蓬莱公园,黄浦,https://sh.lianjia.com/xiaoqu/5011000018368/
"
近地铁9号线马当路站
",84390元/m2,,/ 2002年建成,五里桥,黄浦,https://sh.lianjia.com/xiaoqu/5011000015876/
"
近地铁9号线小南门站
",123184元/m2,,/ 2010年建成,黄浦滨江,黄浦,https://sh.lianjia.com/xiaoqu/5011000014083/
"
近地铁8号线陆家浜路站
",93796元/m2,,/ 2003年建成,蓬莱公园,黄浦,https://sh.lianjia.com/xiaoqu/5011000017420/
"
近地铁4号线鲁班路站
",73529元/m2,,/ 1988年建成,打浦桥,黄浦,https://sh.lianjia.com/xiaoqu/5011000006235/
"
近地铁4号线西藏南路站
",87279元/m2,,/ 2001年建成,蓬莱公园,黄浦,https://sh.lianjia.com/xiaoqu/5011000018290/
"
近地铁4号线西藏南路站
",75636元/m2,,/ 1978年建成,世博滨江,黄浦,https://sh.lianjia.com/xiaoqu/5011000015096/
"
近地铁1号线人民广场站
",103532元/m2,,/ 1928年建成,南京西路,静安,https://sh.lianjia.com/xiaoqu/5011000013753/
"
近地铁1号线汶水路站
",99451元/m2,,/ 2016年建成,永和,静安,https://sh.lianjia.com/xiaoqu/508779161676925/
"
近地铁1号线汶水路站
",92593元/m2,,/ 2018年建成,永和,静安,https://sh.lianjia.com/xiaoqu/5020029665741211/
"
近地铁1号线陕西南路站
",暂无,,/ 1929年建成,静安寺,静安,https://sh.lianjia.com/xiaoqu/5011000009302/
"
近地铁2号线南京西路站
",120829元/m2,,/ 2000年建成,南京西路,静安,https://sh.lianjia.com/xiaoqu/5011000017193/
"
近地铁1号线汉中路站
",暂无,,/ 未知年建成,不夜城,静安,https://sh.lianjia.com/xiaoqu/5020033682369110/
"
近地铁7号线昌平路站
",104598元/m2,,/ 2005年建成,曹家渡,静安,https://sh.lianjia.com/xiaoqu/5011000016315/
"
近地铁9号线合川路站
",58539元/m2,,/ 1999年建成,静安新城,静安,https://sh.lianjia.com/xiaoqu/5011000003671/
"
近地铁1号线汉中路站
",77478元/m2,,/ 2001年建成,江宁路,静安,https://sh.lianjia.com/xiaoqu/5011000018166/
"
近地铁2号线静安寺站
",暂无,,/ 未知年建成,静安寺,静安,https://sh.lianjia.com/xiaoqu/5014958872769441/
"
近地铁7号线昌平路站
",暂无,,/ 未知年建成,江宁路,静安,https://sh.lianjia.com/xiaoqu/50000000000059/
"
近地铁2号线江苏路站
",75910元/m2,,/ 1998年建成,曹家渡,静安,https://sh.lianjia.com/xiaoqu/5011000016680/
"
近地铁2号线江苏路站
",暂无,,/ 1978年建成,曹家渡,静安,https://sh.lianjia.com/xiaoqu/5011000017711/
"
近地铁2号线南京西路站
",暂无,,/ 1980年建成,南京西路,静安,https://sh.lianjia.com/xiaoqu/5011000015123/
"
近地铁2号线静安寺站
",暂无,,/ 1930年建成,南京西路,静安,https://sh.lianjia.com/xiaoqu/5011000017738/
"
近地铁2号线静安寺站
",暂无,,/ 未知年建成,静安寺,静安,https://sh.lianjia.com/xiaoqu/5011000015287/
"
近地铁1号线常熟路站
",暂无,,/ 2000年建成,静安寺,静安,https://sh.lianjia.com/xiaoqu/5011102208015/
"
近地铁1号线汶水路站
",暂无,,/ 1998年建成,阳城,静安,https://sh.lianjia.com/xiaoqu/5017024601590639/
"
近地铁2号线江苏路站
",暂无,,/ 1926年建成,静安寺,静安,https://sh.lianjia.com/xiaoqu/5011000010499/
"
近地铁13号线武宁路站
",80583元/m2,,/ 2000年建成,曹家渡,静安,https://sh.lianjia.com/xiaoqu/5011000018239/
"
近地铁7号线昌平路站
",67719元/m2,,/ 1999年建成,江宁路,静安,https://sh.lianjia.com/xiaoqu/5011000018182/
"
近地铁7号线昌平路站
",91618元/m2,,/ 1999年建成,曹家渡,静安,https://sh.lianjia.com/xiaoqu/5011000018338/
"
近地铁2号线南京西路站
",95032元/m2,,/ 1985年建成,南京西路,静安,https://sh.lianjia.com/xiaoqu/5011000015585/
"
近地铁2号线南京西路站
",77415元/m2,,/ 1997年建成,南京西路,静安,https://sh.lianjia.com/xiaoqu/5011000015948/
"
近地铁2号线南京西路站
",106479元/m2,,/ 1926年建成,南京西路,静安,https://sh.lianjia.com/xiaoqu/5011000015556/
"
近地铁7号线昌平路站
",74230元/m2,,/ 1982年建成,曹家渡,静安,https://sh.lianjia.com/xiaoqu/5011000017279/
"
近地铁2号线南京西路站
",暂无,,/ 1936年建成,南京西路,静安,https://sh.lianjia.com/xiaoqu/5011000015755/
"
近地铁2号线南京西路站
",94517元/m2,,/ 1987年建成,南京西路,静安,https://sh.lianjia.com/xiaoqu/5011000016781/
"
近地铁7号线昌平路站
",100322元/m2,,/ 2001年建成,江宁路,静安,https://sh.lianjia.com/xiaoqu/5011000018314/
"
近地铁1号线陕西南路站
",暂无,,/ 1924年建成,南京西路,静安,https://sh.lianjia.com/xiaoqu/5011000018022/
"
近地铁3号线虹口足球场站
",61911元/m2,,/ 1998年建成,鲁迅公园,虹口,https://sh.lianjia.com/xiaoqu/509099290096520/
"
近地铁4号线海伦路站
",86493元/m2,,/ 2007年建成,临平路,虹口,https://sh.lianjia.com/xiaoqu/5011000013404/
"
近地铁10号线(新江湾城-虹桥火车站)邮电新村站
",78611元/m2,,/ 1998年建成,临平路,虹口,https://sh.lianjia.com/xiaoqu/5011000017185/
"
近地铁4号线临平路站
",91834元/m2,,/ 2000年建成,临平路,虹口,https://sh.lianjia.com/xiaoqu/5011000018055/
"
近地铁8号线西藏北路站
",59736元/m2,,/ 1998年建成,鲁迅公园,虹口,https://sh.lianjia.com/xiaoqu/5011000018065/
"
近地铁3号线虹口足球场站
",暂无,,/ 1993年建成,鲁迅公园,虹口,https://sh.lianjia.com/xiaoqu/5011000020391/
"
近地铁4号线临平路站
",107058元/m2,,/ 2004年建成,临平路,虹口,https://sh.lianjia.com/xiaoqu/5011063202151/
"
近地铁8号线四平路站
",63585元/m2,,/ 1980年建成,曲阳,虹口,https://sh.lianjia.com/xiaoqu/5011102208937/
"
近地铁3号线虹口足球场站
",60889元/m2,,/ 1975年建成,鲁迅公园,虹口,https://sh.lianjia.com/xiaoqu/5011000016349/
"
近地铁8号线四平路站
",53485元/m2,,/ 1957年建成,曲阳,虹口,https://sh.lianjia.com/xiaoqu/5011000014459/
"
近地铁3号线大柏树站
",55708元/m2,,/ 1988年建成,凉城,虹口,https://sh.lianjia.com/xiaoqu/5011000014181/
"
近地铁8号线四平路站
",55659元/m2,,/ 1957年建成,曲阳,虹口,https://sh.lianjia.com/xiaoqu/5011000002994/
"
近地铁4号线临平路站
",79671元/m2,,/ 2003年建成,临平路,虹口,https://sh.lianjia.com/xiaoqu/5011000017007/
"
近地铁1号线新闸路站
",63983元/m2,,/ 1957年建成,曲阳,虹口,https://sh.lianjia.com/xiaoqu/5011000016345/
"
近地铁3号线赤峰路站
",76059元/m2,,/ 1986年建成,曲阳,虹口,https://sh.lianjia.com/xiaoqu/5011000014705/
"
近地铁3号线赤峰路站
",57021元/m2,,/ 1984年建成,凉城,虹口,https://sh.lianjia.com/xiaoqu/5011000009656/
"
近地铁4号线临平路站
",99239元/m2,,/ 2000年建成,临平路,虹口,https://sh.lianjia.com/xiaoqu/5011000005352/
"
近地铁1号线新闸路站
",66172元/m2,,/ 1979年建成,曲阳,虹口,https://sh.lianjia.com/xiaoqu/5011000015074/
"
",52499元/m2,,/ 1995年建成,凉城,虹口,https://sh.lianjia.com/xiaoqu/5011000003991/
"
近地铁10号线(新江湾城-虹桥火车站)邮电新村站
",81732元/m2,,/ 2004年建成,鲁迅公园,虹口,https://sh.lianjia.com/xiaoqu/5011000017416/
"
近地铁3号线赤峰路站
",74446元/m2,,/ 1991年建成,曲阳,虹口,https://sh.lianjia.com/xiaoqu/5011000012789/
"
近地铁3号线大柏树站
",54455元/m2,,/ 1984年建成,江湾镇,虹口,https://sh.lianjia.com/xiaoqu/5011000007369/
"
近地铁8号线曲阳路站
",60972元/m2,,/ 1951年建成,鲁迅公园,虹口,https://sh.lianjia.com/xiaoqu/5011000017823/
"
近地铁1号线上海马戏城站
",69304元/m2,,/ 2003年建成,凉城,虹口,https://sh.lianjia.com/xiaoqu/5011000015861/
"
近地铁10号线(新江湾城-虹桥火车站)邮电新村站
",暂无,,/ 2000年建成,鲁迅公园,虹口,https://sh.lianjia.com/xiaoqu/5011000016874/
"
近地铁8号线曲阳路站
",71544元/m2,,/ 1988年建成,曲阳,虹口,https://sh.lianjia.com/xiaoqu/5011000004511/
"
近地铁3号线大柏树站
",69408元/m2,,/ 2005年建成,凉城,虹口,https://sh.lianjia.com/xiaoqu/5011000015591/
"
近地铁12号线国际客运中心站
",83837元/m2,,/ 2003年建成,北外滩,虹口,https://sh.lianjia.com/xiaoqu/5011000018023/
"
近地铁3号线大柏树站
",47455元/m2,,/ 1955年建成,凉城,虹口,https://sh.lianjia.com/xiaoqu/5011000009202/
"
近地铁10号线(新江湾城-虹桥火车站)邮电新村站
",95971元/m2,,/ 1993年建成,临平路,虹口,https://sh.lianjia.com/xiaoqu/5011000020441/
"
",27866元/m2,,/ 2014年建成,赵巷,青浦,https://sh.lianjia.com/xiaoqu/5011000001561/
"
近地铁17号线汇金路站
",36884元/m2,,/ 2008年建成,夏阳,青浦,https://sh.lianjia.com/xiaoqu/5011000012108/
"
",22939元/m2,,/ 2014年建成,赵巷,青浦,https://sh.lianjia.com/xiaoqu/5011000000173/
"
近地铁17号线汇金路站
",31118元/m2,,/ 2006年建成,夏阳,青浦,https://sh.lianjia.com/xiaoqu/5011000014900/
"
近地铁11号线(花桥-三林)安亭站
",23130元/m2,,/ 2006年建成,白鹤,青浦,https://sh.lianjia.com/xiaoqu/5011102207525/
"
",28917元/m2,,/ 1990年建成,夏阳,青浦,https://sh.lianjia.com/xiaoqu/5011000005217/
"
近地铁17号线徐泾北城站
",32500元/m2,,/ 2008年建成,华新,青浦,https://sh.lianjia.com/xiaoqu/509821540057269/
"
",47200元/m2,,/ 2014年建成,徐泾,青浦,https://sh.lianjia.com/xiaoqu/5011000002853/
"
近地铁17号线徐泾北城站
",36079元/m2,,/ 2015年建成,华新,青浦,https://sh.lianjia.com/xiaoqu/5010726255636604/
"
近地铁17号线青浦新城站
",28987元/m2,,/ 1990年建成,夏阳,青浦,https://sh.lianjia.com/xiaoqu/5011000012910/
"
",32342元/m2,,/ 2014年建成,赵巷,青浦,https://sh.lianjia.com/xiaoqu/5011000000319/
"
近地铁17号线徐盈路站
",63585元/m2,,/ 1993年建成,徐泾,青浦,https://sh.lianjia.com/xiaoqu/5011000000986/
"
近地铁17号线青浦新城站
",34567元/m2,,/ 2014年建成,夏阳,青浦,https://sh.lianjia.com/xiaoqu/5011000000481/
"
近地铁17号线漕盈路站
",32834元/m2,,/ 2012年建成,盈浦,青浦,https://sh.lianjia.com/xiaoqu/5011000010444/
"
",31235元/m2,,/ 2006年建成,夏阳,青浦,https://sh.lianjia.com/xiaoqu/5011000013551/
"
",27048元/m2,,/ 1992年建成,盈浦,青浦,https://sh.lianjia.com/xiaoqu/5011000005326/
"
近地铁17号线漕盈路站
",33572元/m2,,/ 2011年建成,盈浦,青浦,https://sh.lianjia.com/xiaoqu/5011102207248/
"
",34622元/m2,,/ 2010年建成,赵巷,青浦,https://sh.lianjia.com/xiaoqu/5011000014038/
"
",29079元/m2,,/ 2014年建成,赵巷,青浦,https://sh.lianjia.com/xiaoqu/5011000002134/
"
",56107元/m2,,/ 2003年建成,徐泾,青浦,https://sh.lianjia.com/xiaoqu/5011000016369/
"
近地铁3号线宜山路站
",30074元/m2,,/ 1990年建成,金泽,青浦,https://sh.lianjia.com/xiaoqu/5011000015540/
"
近地铁2号线南京西路站
",37923元/m2,,/ 2012年建成,赵巷,青浦,https://sh.lianjia.com/xiaoqu/5011000002087/
"
",52304元/m2,,/ 2014年建成,徐泾,青浦,https://sh.lianjia.com/xiaoqu/5011000002714/
"
近地铁11号线(花桥-三林)兆丰路站
",23569元/m2,,/ 2007年建成,白鹤,青浦,https://sh.lianjia.com/xiaoqu/5011000001967/
"
近地铁17号线蟠龙路站
",44320元/m2,,/ 2009年建成,徐泾,青浦,https://sh.lianjia.com/xiaoqu/5011000013302/
"
",32776元/m2,,/ 2010年建成,赵巷,青浦,https://sh.lianjia.com/xiaoqu/5011000002897/
"
近地铁17号线青浦新城站
",29082元/m2,,/ 1978年建成,夏阳,青浦,https://sh.lianjia.com/xiaoqu/5011000011227/
"
",22468元/m2,,/ 2005年建成,香花桥,青浦,https://sh.lianjia.com/xiaoqu/5011000015041/
"
近地铁5号线南延伸段西渡站
",24951元/m2,,/ 2001年建成,西渡,奉贤,https://sh.lianjia.com/xiaoqu/5011000012357/
"
近地铁5号线南延伸段西渡站
",23716元/m2,,/ 1997年建成,西渡,奉贤,https://sh.lianjia.com/xiaoqu/5011000009080/
"
近地铁5号线南延伸段西渡站
",22680元/m2,,/ 1995年建成,西渡,奉贤,https://sh.lianjia.com/xiaoqu/5011000011212/
"
",18056元/m2,,/ 1987年建成,南桥,奉贤,https://sh.lianjia.com/xiaoqu/5011000019388/
"
",17443元/m2,,/ 2007年建成,海湾,奉贤,https://sh.lianjia.com/xiaoqu/5011000011415/
"
",16383元/m2,,/ 1990年建成,南桥,奉贤,https://sh.lianjia.com/xiaoqu/5011000010208/
"
",20792元/m2,,/ 1974年建成,南桥,奉贤,https://sh.lianjia.com/xiaoqu/5011000014838/
"
近地铁5号线南延伸段西渡站
",22848元/m2,,/ 1994年建成,西渡,奉贤,https://sh.lianjia.com/xiaoqu/5011000013437/
"
",17313元/m2,,/ 2011年建成,海湾,奉贤,https://sh.lianjia.com/xiaoqu/5011000001587/
"
近地铁5号线南延伸段西渡站
",22014元/m2,,/ 1994年建成,西渡,奉贤,https://sh.lianjia.com/xiaoqu/5011000010594/
"
近地铁5号线南延伸段西渡站
",22525元/m2,,/ 1994年建成,西渡,奉贤,https://sh.lianjia.com/xiaoqu/5011000012791/
"
近地铁5号线南延伸段西渡站
",24968元/m2,,/ 1999年建成,西渡,奉贤,https://sh.lianjia.com/xiaoqu/5011000009434/
"
近地铁5号线南延伸段西渡站
",23082元/m2,,/ 1991年建成,西渡,奉贤,https://sh.lianjia.com/xiaoqu/5020023398721818/
"
",29227元/m2,,/ 2014年建成,奉贤金汇,奉贤,https://sh.lianjia.com/xiaoqu/5011063203199/
"
",暂无,,/ 1993年建成,南桥,奉贤,https://sh.lianjia.com/xiaoqu/509821540319491/
"
",23617元/m2,,/ 2005年建成,西渡,奉贤,https://sh.lianjia.com/xiaoqu/5011000012683/
"
",20285元/m2,,/ 2007年建成,奉贤金汇,奉贤,https://sh.lianjia.com/xiaoqu/5011000013117/
"
近地铁5号线南延伸段环城东路站
",32920元/m2,,/ 2004年建成,南桥,奉贤,https://sh.lianjia.com/xiaoqu/5011000012867/
"
",16481元/m2,,/ 1994年建成,奉城,奉贤,https://sh.lianjia.com/xiaoqu/5011000013313/
"
",19246元/m2,,/ 2010年建成,海湾,奉贤,https://sh.lianjia.com/xiaoqu/5011000004829/
"
近地铁5号线南延伸段萧塘站
",22225元/m2,,/ 2004年建成,西渡,奉贤,https://sh.lianjia.com/xiaoqu/5011000014952/
"
近地铁5号线南延伸段西渡站
",20305元/m2,,/ 1989年建成,西渡,奉贤,https://sh.lianjia.com/xiaoqu/5011000018544/
"
",14575元/m2,,/ 2006年建成,柘林,奉贤,https://sh.lianjia.com/xiaoqu/5011000012350/
"
",16723元/m2,,/ 2004年建成,海湾,奉贤,https://sh.lianjia.com/xiaoqu/5011000010390/
"
近地铁5号线南延伸段西渡站
",20549元/m2,,/ 1993年建成,西渡,奉贤,https://sh.lianjia.com/xiaoqu/5011000013571/
"
近地铁5号线南延伸段环城东路站
",23066元/m2,,/ 1996年建成,南桥,奉贤,https://sh.lianjia.com/xiaoqu/5011000003331/
"
",30046元/m2,,/ 2009年建成,南桥,奉贤,https://sh.lianjia.com/xiaoqu/5011000012061/
"
",14258元/m2,,/ 2009年建成,柘林,奉贤,https://sh.lianjia.com/xiaoqu/5011000014503/
"
",26857元/m2,,/ 2013年建成,南桥,奉贤,https://sh.lianjia.com/xiaoqu/5011000011963/
"
",20823元/m2,,/ 1996年建成,南桥,奉贤,https://sh.lianjia.com/xiaoqu/5011000010787/
"
近地铁金山铁路金山卫站站
",13577元/m2,,/ 1986年建成,石化,金山,https://sh.lianjia.com/xiaoqu/5011000018695/
"
近地铁金山铁路金山卫站站
",14729元/m2,,/ 1967年建成,石化,金山,https://sh.lianjia.com/xiaoqu/5011000002246/
"
",12504元/m2,,/ 1996年建成,亭林,金山,https://sh.lianjia.com/xiaoqu/5016389545929944/
"
近地铁金山铁路金山卫站站
",15359元/m2,,/ 1979年建成,石化,金山,https://sh.lianjia.com/xiaoqu/5011000005128/
"
近地铁金山铁路金山卫站站
",14751元/m2,,/ 1981年建成,石化,金山,https://sh.lianjia.com/xiaoqu/5011000015706/
"
",14234元/m2,,/ 1991年建成,亭林,金山,https://sh.lianjia.com/xiaoqu/509977363955974/
"
近地铁金山铁路金山卫站站
",13281元/m2,,/ 1985年建成,石化,金山,https://sh.lianjia.com/xiaoqu/5011000001953/
"
",暂无,,/ 2004年建成,朱泾,金山,https://sh.lianjia.com/xiaoqu/5011000004176/
"
近地铁金山铁路金山卫站站
",15490元/m2,,/ 1988年建成,石化,金山,https://sh.lianjia.com/xiaoqu/5011000014634/
"
",暂无,,/ 1993年建成,亭林,金山,https://sh.lianjia.com/xiaoqu/509977363956062/
"
",暂无,,/ 1995年建成,亭林,金山,https://sh.lianjia.com/xiaoqu/5016389543047653/
"
",暂无,,/ 未知年建成,山阳,金山,https://sh.lianjia.com/xiaoqu/5020040816861017/
"
",暂无,,/ 1982年建成,朱泾,金山,https://sh.lianjia.com/xiaoqu/5011000014008/
"
",暂无,,/ 1984年建成,枫泾,金山,https://sh.lianjia.com/xiaoqu/509977363956044/
"
",暂无,,/ 未知年建成,吕巷,金山,https://sh.lianjia.com/xiaoqu/5012970443682349/
"
",暂无,,/ 未知年建成,枫泾,金山,https://sh.lianjia.com/xiaoqu/5012970475926247/
"
",暂无,,/ 未知年建成,金山,金山,https://sh.lianjia.com/xiaoqu/5011000011247/
"
",暂无,,/ 未知年建成,亭林,金山,https://sh.lianjia.com/xiaoqu/5012970736497211/
"
",暂无,,/ 未知年建成,金山,金山,https://sh.lianjia.com/xiaoqu/5012970751701720/
"
",暂无,,/ 未知年建成,朱泾,金山,https://sh.lianjia.com/xiaoqu/5015229854452412/
"
",暂无,,/ 未知年建成,朱泾,金山,https://sh.lianjia.com/xiaoqu/5015237534724479/
"
",暂无,,/ 未知年建成,山阳,金山,https://sh.lianjia.com/xiaoqu/5012970721292447/
"
",暂无,,/ 未知年建成,枫泾,金山,https://sh.lianjia.com/xiaoqu/5012970721292841/
"
",暂无,,/ 未知年建成,金山,金山,https://sh.lianjia.com/xiaoqu/5012970721292900/
"
",暂无,,/ 未知年建成,金山,金山,https://sh.lianjia.com/xiaoqu/5016227787616236/
"
",暂无,,/ 1996年建成,金山,金山,https://sh.lianjia.com/xiaoqu/5016389371080643/
"
",暂无,,/ 未知年建成,廊下,金山,https://sh.lianjia.com/xiaoqu/5012970736496905/
"
",暂无,,/ 未知年建成,石化,金山,https://sh.lianjia.com/xiaoqu/5012970736496855/
"
",暂无,,/ 1990年建成,山阳,金山,https://sh.lianjia.com/xiaoqu/5016389388383191/
"
",暂无,,/ 未知年建成,廊下,金山,https://sh.lianjia.com/xiaoqu/5012970736496903/
"
",32768元/m2,,/ 2014年建成,陈家镇,崇明,https://sh.lianjia.com/xiaoqu/508688780456056/
"
",暂无,,/ 1982年建成,崇明其它,崇明,https://sh.lianjia.com/xiaoqu/5011000019150/
"
",10063元/m2,,/ 1986年建成,崇明其它,崇明,https://sh.lianjia.com/xiaoqu/5011000018568/
"
近地铁7号线新村路站
",暂无,,/ 1977年建成,崇明其它,崇明,https://sh.lianjia.com/xiaoqu/5016389545929934/
"
",暂无,,/ 未知年建成,崇明其它,崇明,https://sh.lianjia.com/xiaoqu/507942581530837/
"
",暂无,,/ 未知年建成,崇明其它,崇明,https://sh.lianjia.com/xiaoqu/5010292558573126/
"
",暂无,,/ 1982年建成,崇明其它,崇明,https://sh.lianjia.com/xiaoqu/5011000003749/
"
",暂无,,/ 1997年建成,崇明其它,崇明,https://sh.lianjia.com/xiaoqu/5011000018853/
"
",暂无,,/ 1998年建成,崇明新城,崇明,https://sh.lianjia.com/xiaoqu/5011000009596/
"
",10582元/m2,,/ 未知年建成,崇明其它,崇明,https://sh.lianjia.com/xiaoqu/5016389495337400/
"
",暂无,,/ 未知年建成,陈家镇,崇明,https://sh.lianjia.com/xiaoqu/5016389371080689/
"
",暂无,,/ 1996年建成,崇明新城,崇明,https://sh.lianjia.com/xiaoqu/5016389506370218/
"
",暂无,,/ 未知年建成,崇明其它,崇明,https://sh.lianjia.com/xiaoqu/5011000019400/
"
",暂无,,/ 2003年建成,崇明其它,崇明,https://sh.lianjia.com/xiaoqu/5016389545929758/
"
",暂无,,/ 未知年建成,崇明新城,崇明,https://sh.lianjia.com/xiaoqu/5020027605407649/
"
",暂无,,/ 2001年建成,崇明新城,崇明,https://sh.lianjia.com/xiaoqu/5011102210284/
"
",暂无,,/ 未知年建成,堡镇,崇明,https://sh.lianjia.com/xiaoqu/5016389506369649/
"
",暂无,,/ 1984年建成,崇明其它,崇明,https://sh.lianjia.com/xiaoqu/5011000018580/
"
",暂无,,/ 未知年建成,陈家镇,崇明,https://sh.lianjia.com/xiaoqu/5015396175645830/
"
",暂无,,/ 1981年建成,崇明其它,崇明,https://sh.lianjia.com/xiaoqu/5016389495337772/
"
",暂无,,/ 未知年建成,崇明新城,崇明,https://sh.lianjia.com/xiaoqu/5020024831765937/
"
",暂无,,/ 未知年建成,崇明新城,崇明,https://sh.lianjia.com/xiaoqu/5020024856944520/
"
",暂无,,/ 1999年建成,陈家镇,崇明,https://sh.lianjia.com/xiaoqu/5016635435715243/
"
",暂无,,/ 1970年建成,崇明其它,崇明,https://sh.lianjia.com/xiaoqu/5011102210299/
"
",暂无,,/ 未知年建成,崇明其它,崇明,https://sh.lianjia.com/xiaoqu/5020023771180948/
"
",暂无,,/ 1997年建成,崇明新城,崇明,https://sh.lianjia.com/xiaoqu/5012425212998602/
"
",暂无,,/ 2005年建成,堡镇,崇明,https://sh.lianjia.com/xiaoqu/5011000018905/
"
",暂无,,/ 未知年建成,崇明其它,崇明,https://sh.lianjia.com/xiaoqu/5020023722921400/
"
",暂无,,/ 2004年建成,崇明其它,崇明,https://sh.lianjia.com/xiaoqu/5011000006287/
"
",暂无,,/ 2012年建成,长兴岛,崇明,https://sh.lianjia.com/xiaoqu/5011000001079/
"
",暂无,,/ 未知年建成,嘉兴,上海周边,https://sh.lianjia.com/xiaoqu/5020035899023656/
"
",暂无,,/ 未知年建成,嘉兴,上海周边,https://sh.lianjia.com/xiaoqu/5020035906366338/
"
",暂无,,/ 未知年建成,南通,上海周边,https://sh.lianjia.com/xiaoqu/5020035858014006/
"
",暂无,,/ 未知年建成,嘉兴,上海周边,https://sh.lianjia.com/xiaoqu/5013780502195672/
"
",暂无,,/ 未知年建成,嘉兴,上海周边,https://sh.lianjia.com/xiaoqu/5016295908642644/
"
",暂无,,/ 未知年建成,昆山,上海周边,https://sh.lianjia.com/xiaoqu/5015347019427589/
"
",暂无,,/ 未知年建成,启东,上海周边,https://sh.lianjia.com/xiaoqu/5020027297020444/
"
",暂无,,/ 未知年建成,太仓,上海周边,https://sh.lianjia.com/xiaoqu/5020028199198039/
"
",暂无,,/ 未知年建成,太仓,上海周边,https://sh.lianjia.com/xiaoqu/5020028161447519/
"
",暂无,,/ 未知年建成,南通,上海周边,https://sh.lianjia.com/xiaoqu/5020027578152196/
"
",暂无,,/ 未知年建成,嘉兴,上海周边,https://sh.lianjia.com/xiaoqu/5020026843946851/
"
近地铁2号线南京西路站
",暂无,,/ 2007年建成,昆山,上海周边,https://sh.lianjia.com/xiaoqu/5011000010802/
"
",暂无,,/ 未知年建成,嘉兴,上海周边,https://sh.lianjia.com/xiaoqu/5020026569997647/
"
",暂无,,/ 未知年建成,上海周边,上海周边,https://sh.lianjia.com/xiaoqu/5020026669784319/
"
",暂无,,/ 未知年建成,苏州,上海周边,https://sh.lianjia.com/xiaoqu/5020030515417651/
"
",暂无,,/ 未知年建成,嘉兴,上海周边,https://sh.lianjia.com/xiaoqu/5020026060348194/
"
",暂无,,/ 未知年建成,太仓,上海周边,https://sh.lianjia.com/xiaoqu/5017925593116473/
"
",暂无,,/ 2000年建成,太仓,上海周边,https://sh.lianjia.com/xiaoqu/5011000013610/
"
",暂无,,/ 未知年建成,太仓,上海周边,https://sh.lianjia.com/xiaoqu/5020023647350606/
"
",暂无,,/ 未知年建成,启东,上海周边,https://sh.lianjia.com/xiaoqu/5020024502370382/
"
",暂无,,/ 未知年建成,昆山,上海周边,https://sh.lianjia.com/xiaoqu/5020024660802914/
"
",暂无,,/ 未知年建成,启东,上海周边,https://sh.lianjia.com/xiaoqu/5020030519612855/
"
",暂无,,/ 未知年建成,苏州,上海周边,https://sh.lianjia.com/xiaoqu/5010952323116466/
"
",暂无,,/ 未知年建成,嘉兴,上海周边,https://sh.lianjia.com/xiaoqu/5020037158576350/
"
",暂无,,/ 未知年建成,嘉兴,上海周边,https://sh.lianjia.com/xiaoqu/5014376395354009/
"
",暂无,,/ 未知年建成,太仓,上海周边,https://sh.lianjia.com/xiaoqu/5011861958865733/
"
",暂无,,/ 未知年建成,嘉兴,上海周边,https://sh.lianjia.com/xiaoqu/5017909969072996/
"
",暂无,,/ 未知年建成,上海周边,上海周边,https://sh.lianjia.com/xiaoqu/5020022012064710/
